{"cameraMode":{"drawMode":0,"name":"Shaded","section":"Shading Mode"},"sceneLighting":false,"audioPlay":false,"sceneViewState":{"showFog":true,"showMaterialUpdate":false,"showSkybox":true,"showFlares":true,"showImageEffects":true,"showParticleSystems":true},"in2DMode":false,"pivot":{"x":4.557350158691406,"y":-46.97321319580078,"z":-16.474393844604493},"rotation":{"x":0.49448153376579287,"y":0.49196702241897585,"z":-0.4179604947566986,"w":0.5820357203483582},"size":64.06951141357422,"orthographic":false}