{"cameraMode":{"drawMode":0,"name":"Shaded","section":"Shading Mode"},"sceneLighting":true,"audioPlay":false,"sceneViewState":{"showFog":true,"showMaterialUpdate":true,"showSkybox":true,"showFlares":true,"showImageEffects":true,"showParticleSystems":true},"in2DMode":false,"pivot":{"x":-9.405824661254883,"y":0.3528614044189453,"z":-13.626837730407715},"rotation":{"x":-0.1975078135728836,"y":0.6135898232460022,"z":-0.16220849752426148,"w":-0.7471188902854919},"size":12.689516067504883,"orthographic":false}